Workbook

Sheet Raw Data
A1: Date | B1: Low Vol Return (%) | C1: High Vol Return (%) | D1: Market Return (%) | E1: T-Bill Rate (%)
A2: 2000-01 | B2: 1.82 | C2: -4.21 | D2: -2.02 | E2: 0.43
A3: 2000-02 | B3: 2.14 | C3: 5.63 | D3: 1.88 | E3: 0.44
A4: 2000-03 | B4: 3.11 | C4: 7.84 | D4: 7.23 | E4: 0.48
A5: 2000-04 | B5: -1.92 | C5: -7.43 | D5: -4.5 | E5: 0.48
A6: 2000-05 | B6: -1.44 | C6: -6.23 | D6: -3.87 | E6: 0.5
A7: 2000-06 | B7: 1.87 | C7: 3.12 | D7: 3.01 | E7: 0.49
A8: 2000-07 | B8: 0.43 | C8: -2.84 | D8: -1.1 | E8: 0.5
A9: 2000-08 | B9: 2.91 | C9: 7.34 | D9: 5.8 | E9: 0.51
A10: 2000-09 | B10: -1.34 | C10: -7.23 | D10: -4.2 | E10: 0.52
A11: 2000-10 | B11: -0.87 | C11: -4.12 | D11: -2.4 | E11: 0.52
A12: 2000-11 | B12: 0.94 | C12: -9.34 | D12: -5.5 | E12: 0.51
A13: 2000-12 | B13: 1.43 | C13: -4.87 | D13: -2.9 | E13: 0.5
... A289: 2023-12 | B289: 2.23 | C289: 6.12 | D289: 4.6 | E289: 0.44

Sheet Analysis & CAPM
A1: SUMMARY STATISTICS (2000–2023)
A2: Metric | B2: Low Vol | C2: High Vol | D2: Market
A3: Avg Monthly Return (%) | B3: =AVERAGE('Raw Data'!B2:B289) -> 0.39600694 | C3: =AVERAGE('Raw Data'!C2:C289) -> 0.71840278 | D3: =AVERAGE('Raw Data'!D2:D289) -> 0.59767361
A4: Annualized Return (%) | B4: =B3*12 -> 4.7520833 | C4: =C3*12 -> 8.6208333 | D4: =D3*12 -> 7.1720833
A5: Std Dev Monthly (%) | B5: =STDEV('Raw Data'!B2:B289) -> 2.189857 | C5: =STDEV('Raw Data'!C2:C289) -> 6.4533116 | D5: =STDEV('Raw Data'!D2:D289) -> 4.5360258
A6: Annualized Std Dev (%) | B6: =B5*SQRT(12) -> 7.5858871 | C6: =C5*SQRT(12) -> 22.354927 | D6: =D5*SQRT(12) -> 15.713254
A7: Sharpe Ratio | B7: =(B3-AVERAGE('Raw Data'!E2:E289))/B5 -> 0.11584344 | C7: =(C3-AVERAGE('Raw Data'!E2:E289))/C5 -> 0.089268337 | D7: =(D3-AVERAGE('Raw Data'!E2:E289))/D5 -> 0.10038462
A8: Min Monthly Return (%) | B8: =MIN('Raw Data'!B2:B289) -> -7.87 | C8: =MIN('Raw Data'!C2:C289) -> -25.43 | D8: =MIN('Raw Data'!D2:D289) -> -17.2
A9: Max Monthly Return (%) | B9: =MAX('Raw Data'!B2:B289) -> 6.23 | C9: =MAX('Raw Data'!C2:C289) -> 18.43 | D9: =MAX('Raw Data'!D2:D289) -> 13.1
A10: # Positive Months | B10: =COUNTIF('Raw Data'!B2:B289,">0") -> 185 | C10: =COUNTIF('Raw Data'!C2:C289,">0") -> 181 | D10: =COUNTIF('Raw Data'!D2:D289,">0") -> 177
A11: CAPM REGRESSION — Excess Returns (2000–2023)
A12: Parameter | B12: Low Vol | C12: High Vol | D12: Interpretation
A13: Alpha (monthly %) | B13: =INTERCEPT('Raw Data'!B2:B289-'Raw Data'!E2:E289,'Raw Data'!D2:D289-'Raw Data'!E2:E289) -> 0.036561831 | C13: =INTERCEPT('Raw Data'!C2:C289-'Raw Data'!E2:E289,'Raw Data'!D2:D289-'Raw Data'!E2:E289) -> -0.070072264 | D13: Monthly abnormal return vs. market
A14: Alpha (annualized %) | B14: =B13*12 -> 0.43874197 | C14: =C13*12 -> -0.84086717 | D14: Annualized abnormal return
A15: Beta | B15: =SLOPE('Raw Data'!B2:B289-'Raw Data'!E2:E289,'Raw Data'!D2:D289-'Raw Data'!E2:E289) -> 0.47682014 | C15: =SLOPE('Raw Data'!C2:C289-'Raw Data'!E2:E289,'Raw Data'!D2:D289-'Raw Data'!E2:E289) -> 1.419024 | D15: Market sensitivity (Low Vol < 1.0 by design)
A16: R-Squared | B16: =RSQ('Raw Data'!B2:B289-'Raw Data'!E2:E289,'Raw Data'!D2:D289-'Raw Data'!E2:E289) -> 0.9743521 | C16: =RSQ('Raw Data'!C2:C289-'Raw Data'!E2:E289,'Raw Data'!D2:D289-'Raw Data'!E2:E289) -> 0.99613037 | D16: % of variance explained by market
A19: SUBPERIOD ANALYSIS — Avg Monthly Return (%)
A20: Period | B20: Low Vol | C20: High Vol | D20: Market
A21: 2000–2007 Pre-Crisis | B21: =AVERAGE('Raw Data'!B2:B97) -> 0.32552083 | C21: =AVERAGE('Raw Data'!C2:C97) -> -0.055 | D21: =AVERAGE('Raw Data'!D2:D97) -> 0.14927083
A22: 2008–2009 Financial Crisis | B22: =AVERAGE('Raw Data'!B98:B121) -> -0.3175 | C22: =AVERAGE('Raw Data'!C98:C121) -> -1.1720833 | D22: =AVERAGE('Raw Data'!D98:D121) -> -0.75
A23: 2010–2019 Bull Market | B23: =AVERAGE('Raw Data'!B122:B241) -> 0.54683333 | C23: =AVERAGE('Raw Data'!C122:C241) -> 1.4481667 | D23: =AVERAGE('Raw Data'!D122:D241) -> 1.05
A24: 2020–2023 COVID & Recovery | B24: =AVERAGE('Raw Data'!B242:B289) -> 0.51666667 | C24: =AVERAGE('Raw Data'!C242:C289) -> 1.3860417 | D24: =AVERAGE('Raw Data'!D242:D289) -> 1.0375
A25: Full Period 2000–2023 | B25: =AVERAGE('Raw Data'!B2:B289) -> 0.39600694 | C25: =AVERAGE('Raw Data'!C2:C289) -> 0.71840278 | D25: =AVERAGE('Raw Data'!D2:D289) -> 0.59767361

Sheet Cumulative Returns
A1: Date | B1: Low Vol (Start=100) | C1: High Vol (Start=100) | D1: Market (Start=100)
A2: 2000-01 | B2: 100 | C2: 100 | D2: 100
A3: 2000-02 | B3: =B2*(1+'Raw Data'!B3/100) -> 102.14 | C3: =C2*(1+'Raw Data'!C3/100) -> 105.63 | D3: =D2*(1+'Raw Data'!D3/100) -> 101.88
A4: 2000-03 | B4: =B3*(1+'Raw Data'!B4/100) -> 105.31655 | C4: =C3*(1+'Raw Data'!C4/100) -> 113.91139 | D4: =D3*(1+'Raw Data'!D4/100) -> 109.24592
A5: 2000-04 | B5: =B4*(1+'Raw Data'!B5/100) -> 103.29448 | C5: =C4*(1+'Raw Data'!C5/100) -> 105.44778 | D5: =D4*(1+'Raw Data'!D5/100) -> 104.32986
A6: 2000-05 | B6: =B5*(1+'Raw Data'!B6/100) -> 101.80704 | C6: =C5*(1+'Raw Data'!C6/100) -> 98.878379 | D6: =D5*(1+'Raw Data'!D6/100) -> 100.29229
A7: 2000-06 | B7: =B6*(1+'Raw Data'!B7/100) -> 103.71083 | C7: =C6*(1+'Raw Data'!C7/100) -> 101.96338 | D7: =D6*(1+'Raw Data'!D7/100) -> 103.31109
A8: 2000-07 | B8: =B7*(1+'Raw Data'!B8/100) -> 104.15678 | C8: =C7*(1+'Raw Data'!C8/100) -> 99.067624 | D8: =D7*(1+'Raw Data'!D8/100) -> 102.17467
A9: 2000-08 | B9: =B8*(1+'Raw Data'!B9/100) -> 107.18775 | C9: =C8*(1+'Raw Data'!C9/100) -> 106.33919 | D9: =D8*(1+'Raw Data'!D9/100) -> 108.1008
A10: 2000-09 | B10: =B9*(1+'Raw Data'!B10/100) -> 105.75143 | C10: =C9*(1+'Raw Data'!C10/100) -> 98.650865 | D10: =D9*(1+'Raw Data'!D10/100) -> 103.56057
A11: 2000-10 | B11: =B10*(1+'Raw Data'!B11/100) -> 104.83139 | C11: =C10*(1+'Raw Data'!C11/100) -> 94.586449 | D11: =D10*(1+'Raw Data'!D11/100) -> 101.07511
A12: 2000-11 | B12: =B11*(1+'Raw Data'!B12/100) -> 105.81681 | C12: =C11*(1+'Raw Data'!C12/100) -> 85.752075 | D12: =D11*(1+'Raw Data'!D12/100) -> 95.51598
A13: 2000-12 | B13: =B12*(1+'Raw Data'!B13/100) -> 107.32999 | C13: =C12*(1+'Raw Data'!C13/100) -> 81.575949 | D13: =D12*(1+'Raw Data'!D13/100) -> 92.746017
A14: 2001-01 | B14: =B13*(1+'Raw Data'!B14/100) -> 109.84151 | C14: =C13*(1+'Raw Data'!C14/100) -> 85.752637 | D14: =D13*(1+'Raw Data'!D14/100) -> 96.455858
... A289: 2023-12 | B289: =B288*(1+'Raw Data'!B289/100) -> 286.16196 | C289: =C288*(1+'Raw Data'!C289/100) -> 446.08408 | D289: =D288*(1+'Raw Data'!D289/100) -> 421.76817
